{
  "@context": "https://odca.tech/v1",
  "name": "AuditOverview",
  "type": "spec/schema_base/1.0",
  "description": "A schema to be used by audit contractors and suppliers to capture general audit report information, including the contact details of all audit participants",
  "classification": "GICS:35202010",
  "issued_by": "",
  "attributes": {
    "auditReportNumber": "Text",
    "auditReportOwner": "Text",
    "auditDate": "Date",
    "auditType": "Text",
    "auditTypeSpecify": "Text",
    "previousAuditDate": "Date",
    "previousAuditType": "Text",
    "previousAuditTypeSpecify": "Text",
    "auditFirmName": "Text",
    "leadAuditorName": "Text",
    "leadAuditorJobTitle": "Text",
    "furtherAuditorNames": "Array[Text]",
    "furtherAuditorJobTitles": "Array[Text]",
    "leadAuditorPhoneNumber": "Text",
    "leadAuditorEmail": "Text",
    "companyName": "Text",
    "siteName": "Text",
    "parentCompanyName": "Text",
    "siteAddress": "Text",
    "siteCity": "Text",
    "siteState": "Text",
    "sitePostalCode": "Text",
    "siteCountry": "Text",
    "siteRepresentativeName": "Text",
    "siteRepresentativeJobTitle": "Text",
    "siteRepresentativePhoneNumber": "Text",
    "siteRepresentativeEmailAddress": "Text",
    "managementRepresentativeName": "Text",
    "managementRepresentativeJobTitle": "Text",
    "hseRepresentativeName": "Text",
    "hseRepresentativeJobTitle": "Text",
    "hrRepresentativeName": "Text",
    "hrRepresentativeJobTitle": "Text",
    "findingClassificationMethod": "Text",
    "workersAttitude": "Text",
    "managementAttitude": "Text",
    "keyFindingsSummary": "Text"
  },
  "pii_attributes": [
    "auditReportNumber",
    "auditReportOwner",
    "auditDate",
    "auditTypeSpecify",
    "previousAuditDate",
    "previousAuditTypeSpecify",
    "auditFirmName",
    "leadAuditorName",
    "leadAuditorJobTitle",
    "furtherAuditorNames",
    "furtherAuditorJobTitles",
    "leadAuditorPhoneNumber",
    "leadAuditorEmail",
    "companyName",
    "siteName",
    "parentCompanyName",
    "siteAddress",
    "sitePostalCode",
    "siteRepresentativeName",
    "siteRepresentativeJobTitle",
    "siteRepresentativePhoneNumber",
    "siteRepresentativeEmailAddress",
    "managementRepresentativeName",
    "managementRepresentativeJobTitle",
    "hseRepresentativeName",
    "hseRepresentativeJobTitle",
    "hrRepresentativeName",
    "hrRepresentativeJobTitle",
    "keyFindingsSummary"
  ]
}