{
  "@context": "https://odca.tech/v1",
  "name": "HealthAndSafety",
  "type": "spec/schema_base/1.0",
  "description": "A risk assessment schema to be used by suppliers to provide assurance that they are providing a safe and healthy working environment, including for any company provided living quarters",
  "classification": "GICS:35202010",
  "issued_by": "",
  "attributes": {
    "healthAndSafetyDocumentation": "Text",
    "healthAndSafetyPolicy": "Boolean",
    "healthAndSafetyProcedures": "Boolean",
    "healthAndSafetyDocumentationSpecify": "Text",
    "healthAndSafetyObjectives": "Boolean",
    "healthAndSafetyObjectivesSpecify": "Text",
    "healthAndSafetyNumberOfIncidents": "Number",
    "healthAndSafetySeriousInjuries": "Text",
    "healthAndSafetySeriousInjuries3Years": "Number",
    "healthAndSafetySeriousInjuries2Years": "Number",
    "healthAndSafetySeriousInjuriesLastYear": "Number",
    "healthAndSafetyFatalities": "Text",
    "healthAndSafetyFatalities3Years": "Number",
    "healthAndSafetyFatalities2Years": "Number",
    "healthAndSafetyFatalitiesLastYear": "Number",
    "healthAndSafetyFire": "Text",
    "healthAndSafetyFire3Years": "Number",
    "healthAndSafetyFire2Years": "Number",
    "healthAndSafetyFireLastYear": "Number",
    "healthAndSafetyExplosions": "Text",
    "healthAndSafetyExplosions3Years": "Number",
    "healthAndSafetyExplosions2Years": "Number",
    "healthAndSafetyExplosionsLastYear": "Number",
    "healthAndSafetyViolations": "Text",
    "healthAndSafetyViolations3Years": "Number",
    "healthAndSafetyViolations2Years": "Number",
    "healthAndSafetyViolationsLastYear": "Number",
    "HSETraining": "Text",
    "HSETrainingNewEmployee": "Boolean",
    "HSETrainingPeriodicRefresher": "Boolean",
    "HSETrainingEmergencyResponse": "Boolean",
    "HSETrainingHazardCommunication": "Boolean",
    "HSETrainingEnvironmentalPractices": "Boolean",
    "HSETrainingEnvironmentalPracticesSpecify": "Text",
    "healthAndSafetyDrinkingWater": "Boolean",
    "healthAndSafetyDrinkingWaterSpecify": "Text",
    "healthAndSafetySanitaryFacilities": "Boolean",
    "healthAndSafetySanitaryFacilitiesSpecify": "Text",
    "healthAndSafetyLivingAccommodation": "Boolean",
    "healthAndSafetyLivingAccommodationSpecify": "Text",
    "healthAndSafetyHousingMaintenanceSpecify": "Text",
    "healthAndSafetyHousingVicinity": "Boolean",
    "protectionSafeWorkPermitSystem": "Text",
    "protectionHotWork": "Text",
    "protectionConfinedSpaceWork": "Text",
    "protectionEnergyIsolation": "Text",
    "protectionLineBreaking": "Text",
    "protectionWorkAtHeight": "Text",
    "protectionGeneralPermit": "Text",
    "protectionOther": "Text",
    "protectionOtherSpecify": "Text",
    "protectionMachineGuarding": "Text",
    "protectionMachineGuardingSpecify": "Text",
    "riskContractorActivity": "Text",
    "riskContractorPreApproval": "Boolean",
    "riskContractorTrainingBeforeEntry": "Boolean",
    "riskContractorElectronicAccess": "Boolean",
    "riskContractorDrugAlcoholTesting": "Boolean",
    "riskContractorSafetyTraining": "Boolean",
    "riskContractorAccidentReporting": "Boolean",
    "riskContractorOther": "Boolean",
    "riskContractorOtherSpecify": "Text",
    "healthSurveillance": "Text",
    "healthSurveillancePreEmploymentPhysicals": "Boolean",
    "healthSurveillanceBloodMonitoring": "Boolean",
    "healthSurveillanceUrinalysis": "Boolean",
    "healthSurveillanceLungFunction": "Boolean",
    "healthSurveillanceHearing": "Boolean",
    "healthSurveillanceOther": "Boolean",
    "healthSurveillanceOtherSpecify": "Text",
    "medicalProgramExposureToBodyFluids": "Boolean",
    "medicalProgramExposureToBodyFluidsSpecify": "Text",
    "medicalProgramTraining": "Boolean",
    "medicalProgramExposureResponseKits": "Boolean",
    "medicalProgramHepatitisBVaccinations": "Boolean",
    "exposureMonitoring": "Text",
    "exposureMonitoringSolventVapors": "Boolean",
    "exposureMonitoringWorkplaceNoise": "Boolean",
    "exposureMonitoringRadiation": "Boolean",
    "exposureMonitoringOxygenDeficiency": "Boolean",
    "exposureMonitoringErgonomics": "Boolean",
    "exposureMonitoringOther": "Boolean",
    "exposureMonitoringOtherSpecify": "Text",
    "exposureEvaluations": "Text",
    "exposureEvaluationsSpecify": "Text",
    "personalProtectiveEquipment": "Boolean",
    "personalProtectiveEquipmentSpecify": "Text",
    "fireSystems": "Text",
    "fireSystemsRawMaterialWarehouse": "Text",
    "fireSystemsFlammableLiquidStorageTanks": "Text",
    "fireSystemsProcessAreas": "Text",
    "fireSystemsFinishedProductWarehouse": "Text",
    "fireSystemsHazardousWasteStorageArea": "Text",
    "emergencyEquipmentInspections": "Boolean",
    "emergencyEquipmentInspectionsSpecify": "Text",
    "fireAlarmMonitoring": "Boolean",
    "fireAlarmMonitoringSpecify": "Text",
    "fireWaterMaintainance": "Boolean",
    "fireWaterVolumeMaintained": "Number",
    "fireWaterVolumeSufficient": "Text",
    "fireWaterPumpCapacity": "Boolean",
    "fireWaterPumpCapacitySpecify": "Text",
    "evacuationRoutesClearlyMarked": "Boolean",
    "evacuationRoutesClearlyMarkedSpecify": "Text",
    "exitSignsBackupPower": "Boolean",
    "exitSignsBackupPowerSpecify": "Text",
    "evacuationDrills": "Boolean",
    "evacuationDrillsFrequency": "Text",
    "evacuationDrillsSpecify": "Text",
    "emergencyResponsePlan": "Boolean",
    "emergencyResponsePlanLastRevised": "Date",
    "hazardousSubstancesSafetyDataSheets": "Boolean",
    "hazardousSubstancesSafetyDataSheetsSpecify": "Text",
    "biologicalMaterials": "Boolean",
    "biologicalMaterialsPermit": "Boolean",
    "biologicalMaterialsPermitSpecify": "Text",
    "biologicalSafetyProgram": "Boolean",
    "biologicalSafetyProgramSpecify": "Text",
    "biologicalMaterialsRiskAssessments": "Boolean",
    "biologicalMaterialsRiskAssessmentsSpecify": "Text",
    "bioSafetyCommittee": "Boolean",
    "bioSafetyCommitteeSpecify": "Text",
    "biologicalMaterialsControls": "Text",
    "biologicalMaterialsAdministrativeControls": "Boolean",
    "biologicalMaterialsEngineeringControls": "Boolean",
    "biologicalMaterialsControlsSpecify": "Text",
    "biologicalMaterialsStored": "Text",
    "biologicalHumanSourceMaterial": "Boolean",
    "biologicalHumanSourceMaterialRG": "Text",
    "biologicalPrimateSourceMaterial": "Boolean",
    "biologicalPrimateSourceMaterialRG": "Text",
    "biologicalPrimateSourceMaterialSpecify": "Text",
    "biologicalBacteria": "Boolean",
    "biologicalBacteriaRG": "Text",
    "biologicalBacteriaSpecify": "Text",
    "biologicalViruses": "Boolean",
    "biologicalVirusesRG": "Text",
    "biologicalVirusesSpecify": "Text",
    "biologicalFungi": "Boolean",
    "biologicalFunghiRG": "Text",
    "biologicalFunghiSpecify": "Text",
    "biologicalGeneticsRelatedMaterial": "Boolean",
    "biologicalGeneticsRelatedMaterialRG": "Text",
    "biologicalGeneticsRelatedMaterialSpecify": "Text",
    "biologicalAgents": "Boolean",
    "biologicalAgentsRG": "Text",
    "biologicalAgentsSpecify": "Text",
    "biologicalMaterialOther": "Boolean",
    "biologicalMaterialOtherRG": "Text",
    "biologicalMaterialOtherSpecify": "Text",
    "biologicalToxins": "Boolean",
    "biologicalToxinsRG": "Text",
    "biologicalToxinsSpecify": "Text",
    "biologicalToxinsLD50": "Boolean",
    "biologicalToxinsLD50Specify": "Text",
    "additionalFindingsHS1": "Text",
    "additionalFindingsHS2": "Text",
    "additionalFindingsHS3": "Text",
    "additionalFindingsHS4": "Text",
    "additionalFindingsHS5": "Text"
  },
  "pii_attributes": [
    "healthAndSafetyDocumentationSpecify",
    "healthAndSafetyObjectivesSpecify",
    "HSETrainingEnvironmentalPracticesSpecify",
    "healthAndSafetyDrinkingWaterSpecify",
    "healthAndSafetySanitaryFacilitiesSpecify",
    "healthAndSafetyLivingAccommodationSpecify",
    "healthAndSafetyHousingMaintenanceSpecify",
    "protectionOtherSpecify",
    "protectionMachineGuardingSpecify",
    "riskContractorOtherSpecify",
    "healthSurveillanceOtherSpecify",
    "medicalProgramExposureToBodyFluidsSpecify",
    "exposureMonitoringOtherSpecify",
    "exposureEvaluationsSpecify",
    "personalProtectiveEquipmentSpecify",
    "emergencyEquipmentInspectionsSpecify",
    "fireAlarmMonitoringSpecify",
    "fireWaterVolumeSufficient",
    "fireWaterPumpCapacitySpecify",
    "evacuationRoutesClearlyMarkedSpecify",
    "exitSignsBackupPowerSpecify",
    "evacuationDrillsSpecify",
    "emergencyResponsePlanLastRevised",
    "hazardousSubstancesSafetyDataSheetsSpecify",
    "biologicalMaterialsPermitSpecify",
    "biologicalSafetyProgramSpecify",
    "biologicalMaterialsRiskAssessmentsSpecify",
    "bioSafetyCommitteeSpecify",
    "biologicalMaterialsControlsSpecify",
    "biologicalHumanSourceMaterialRG",
    "biologicalPrimateSourceMaterialRG",
    "biologicalPrimateSourceMaterialSpecify",
    "biologicalBacteriaRG",
    "biologicalBacteriaSpecify",
    "biologicalVirusesRG",
    "biologicalVirusesSpecify",
    "biologicalFunghiRG",
    "biologicalFunghiSpecify",
    "biologicalGeneticsRelatedMaterialRG",
    "biologicalGeneticsRelatedMaterialSpecify",
    "biologicalAgentsRG",
    "biologicalAgentsSpecify",
    "biologicalMaterialOtherRG",
    "biologicalMaterialOtherSpecify",
    "biologicalToxinsRG",
    "biologicalToxinsSpecify",
    "biologicalToxinsLD50Specify",
    "additionalFindingsHS1",
    "additionalFindingsHS2",
    "additionalFindingsHS3",
    "additionalFindingsHS4",
    "additionalFindingsHS5"
  ]
}