{
  "@context": "https://odca.tech/v1",
  "name": "Labor",
  "type": "spec/schema_base/1.0",
  "description": "A risk assessment schema to be used by suppliers to provide assurance that they are committed to uphold the human rights of workers and to treat them with dignity and respect",
  "classification": "GICS:35202010",
  "issued_by": "",
  "attributes": {
    "laborPracticePolicies": "Boolean",
    "laborProhibitionOfChildLabor": "Boolean",
    "laborFreedomOfAssociation": "Boolean",
    "laborNonDiscrimination": "Boolean",
    "laborNonHarassment": "Boolean",
    "laborGrievanceMechanism": "Boolean",
    "laborWhistleBlowerReporting": "Boolean",
    "laborFreelyChosenEmployment": "Boolean",
    "laborAntiHumanTraficking": "Boolean",
    "laborBrokerRecruitmentFees": "Boolean",
    "laborFreedomOfMovement": "Boolean",
    "laborRecruitingAndTermination": "Boolean",
    "laborWages": "Boolean",
    "laborBenefits": "Boolean",
    "laborStandardWorkingHours": "Boolean",
    "laborOvertime": "Boolean",
    "laborVacation": "Boolean",
    "laborMaternityLeave": "Boolean",
    "laborShortTermSicknessLeave": "Boolean",
    "laborLongTermSicknessLeave": "Boolean",
    "laborAccidentEmergency": "Boolean",
    "laborWhistleBlowing": "Boolean",
    "laborPolicySpecify": "Text",
    "freelyChosenRiskAssessment": "Boolean",
    "freelyChosenRiskAssessmentSpecify": "Text",
    "migrantEmployment": "Boolean",
    "migrantCountriesProvinces": "Array[Object]",
    "migrantRecruitmentAgency": "Text",
    "migrantHomeTransport": "Boolean",
    "migrantOriginalDocuments": "Boolean",
    "migrantOriginalDocumentsSpecify": "Array[Text]",
    "migrantMaintainRecords": "Boolean",
    "migrantMaintainRecordsSpecify": "Text",
    "migrantSignedContract": "Boolean",
    "migrantRecordRetention": "Text",
    "migrantNoticePeriod": "Boolean",
    "migrantTerminationFees": "Boolean",
    "migrantTerminationSpecify": "Text",
    "youthEmployment": "Boolean",
    "youthYoungestAge": "Number",
    "youthAgeVerification": "Array[Text]",
    "youthILOAlignment": "Boolean",
    "youthRemediationMeasures": "Text",
    "youthNonStrenuousWork": "Boolean",
    "youthNonStrenuousWorkSpecify": "Text",
    "youthNumberOfWorkers": "Number",
    "youthMaximumHours": "Number",
    "youthActivitiesPerformed": "Text",
    "fairTreatment": "Boolean",
    "fairTreatmentDiscrimination": "Text",
    "fairTreatmentHarassment": "Text",
    "fairTreatmentTraining": "Text",
    "fairTreatmentIncidentReporting": "Text",
    "fairTreatmentTemporaryWorkers": "Text",
    "wagesOvertimeVoluntary": "Boolean",
    "wagesMaximumOvertimePerDay": "Number",
    "wagesMaximumOvertimePerWeek": "Number",
    "wagesMaximumOvertimePerMonth": "Number",
    "wagesEnsureOvertimeVoluntary": "Text",
    "wagesOvertimeRecorded": "Text",
    "wagesOvertimeCompensated": "Text",
    "wagesOneDayOffPerWeek": "Boolean",
    "wagesOneDayOffPerWeekSpecify": "Text",
    "wagesEnsureLegalMinimum": "Boolean",
    "wagesLowestPaid": "Number",
    "wagesLegalMinimum": "Number",
    "wagesLegalMinimumSpecify": "Text",
    "wagesTimelyManner": "Boolean",
    "wagesPaymentIntervals": "Text",
    "wagesPaymentMethod": "Text",
    "wagesPaymentMethodSpecify": "Text",
    "wagesDeductions": "Boolean",
    "wagesDeductionsSpecify": "Text",
    "freedomOfAssociation": "Boolean",
    "freedomOfAssociationSpecify": "Text",
    "subcontractorsHumanRightsRisks": "Array[Text]",
    "subcontractorsLegalAuthorization": "Boolean",
    "subcontractorsLegalAuthorizationSpecify": "Text",
    "subcontractorsDriverEmployment": "Boolean",
    "subcontractorsDriverEquipment": "Boolean",
    "subcontractorsDriverEquipmentSpecify": "Text",
    "subcontractorsDriverEquipmentFOC": "Boolean",
    "subcontractorsDriverEquipmentFOCSpecify": "Text",
    "additionalFindingsL1": "Text",
    "additionalFindingsL2": "Text",
    "additionalFindingsL3": "Text",
    "additionalFindingsL4": "Text",
    "additionalFindingsL5": "Text"
  },
  "pii_attributes": [
    "laborPolicySpecify",
    "freelyChosenRiskAssessmentSpecify",
    "migrantRecruitmentAgency",
    "migrantMaintainRecordsSpecify",
    "migrantTerminationSpecify",
    "youthRemediationMeasures",
    "youthNonStrenuousWorkSpecify",
    "youthActivitiesPerformed",
    "fairTreatmentDiscrimination",
    "fairTreatmentHarassment",
    "fairTreatmentTraining",
    "fairTreatmentIncidentReporting",
    "fairTreatmentTemporaryWorkers",
    "wagesEnsureOvertimeVoluntary",
    "wagesOneDayOffPerWeekSpecify",
    "wagesLegalMinimumSpecify",
    "wagesPaymentMethodSpecify",
    "wagesDeductionsSpecify",
    "freedomOfAssociationSpecify",
    "subcontractorsLegalAuthorizationSpecify",
    "subcontractorsDriverEquipmentSpecify",
    "subcontractorsDriverEquipmentFOCSpecify",
    "additionalFindingsL1",
    "additionalFindingsL2",
    "additionalFindingsL3",
    "additionalFindingsL4",
    "additionalFindingsL5"
  ]
}