{
  "@context": "https://odca.tech/v1",
  "name": "CompanySpecific",
  "type": "spec/schema_base/1.0",
  "description": "An optional risk assessment schema to be used by suppliers to provide responses to company specific questions related to the Principles for Responsible Supply Chain Management",
  "classification": "GICS:35202010",
  "issued_by": "",
  "attributes": {
    "companySpecificQuestion1": "Boolean",
    "companySpecificQuestion2": "Boolean",
    "companySpecificQuestion3": "Boolean",
    "companySpecificQuestion4": "Boolean",
    "companySpecificQuestion5": "Boolean",
    "companySpecificQuestion6": "Boolean",
    "companySpecificQuestion7": "Boolean",
    "companySpecificQuestion8": "Boolean",
    "companySpecificQuestion9": "Boolean",
    "companySpecificQuestion10": "Boolean",
    "companySpecificQuestion11": "Boolean",
    "companySpecificQuestion12": "Boolean",
    "companySpecificQuestion13": "Boolean",
    "companySpecificQuestion14": "Boolean",
    "companySpecificQuestion15": "Boolean",
    "companySpecificQuestion16": "Boolean",
    "companySpecificQuestion17": "Boolean",
    "companySpecificQuestion18": "Boolean",
    "companySpecificQuestion19": "Boolean",
    "companySpecificQuestion20": "Boolean",
    "companySpecificQuestion21": "Boolean",
    "companySpecificQuestion22": "Boolean",
    "companySpecificQuestion23": "Boolean",
    "companySpecificQuestion24": "Boolean",
    "companySpecificQuestion25": "Boolean",
    "companySpecificQuestion26": "Boolean",
    "companySpecificQuestion27": "Boolean",
    "companySpecificQuestion28": "Boolean",
    "companySpecificQuestion29": "Boolean",
    "companySpecificQuestion30": "Boolean",
    "companySpecificQuestion31": "Boolean",
    "companySpecificQuestion32": "Boolean"
  },
  "pii_attributes": [

  ]
}