{
  "@context": "https://odca.tech/v1",
  "name": "Environment",
  "type": "spec/schema_base/1.0",
  "description": "A risk assessment schema to be used by suppliers to provide assurance that they are operating in an environmentally responsible and efficient manner and they are minimizing adverse impacts on the environment",
  "classification": "GICS:35202010",
  "issued_by": "",
  "attributes": {
    "environmentDocumentation": "Boolean",
    "environmentPolicy": "Boolean",
    "environmentProcedures": "Boolean",
    "environmentDocumentationSpecify": "Text",
    "environmentObjectives": "Boolean",
    "environmentObjectivesSpecify": "Text",
    "environmentEnergyConsumption": "Boolean",
    "environmentEnergyConsumptionSpecify": "Text",
    "environmentWaterConsumption": "Boolean",
    "environmentWaterConsumptionSpecify": "Text",
    "environmentHazardousWaste": "Boolean",
    "environmentHazardousWasteSpecify": "Text",
    "environmentNonHazardousWaste": "Boolean",
    "environmentNonHazardousWasteSpecify": "Text",
    "environmentGreenhouseGas": "Boolean",
    "environmentGreenhouseGasSpecify": "Text",
    "environmentPubliclyReportedData": "Boolean",
    "environmentPubliclyReportedDataSpecify": "Text",
    "environmentWaterSourcing": "Text",
    "environmentWaterSourcingSpecify": "Text",
    "environmentWaterSourcingBCMPlan": "Text",
    "environmentWaterSourcingBCMPlanSpecify": "Text",
    "environmentWaterPermit": "Text",
    "environmentWaterPermitSpecify": "Text",
    "environmentWaterPermitRestrict": "Text",
    "environmentWaterPermitRestrictSpecify": "Text",
    "environmentRequiredPermits": "Text",
    "environmentRequiredPermitsSpecify": "Text",
    "wasteManagement": "Text",
    "wasteDisposalDocuments": "Array[Text]",
    "wasteDisposalLandfillSpecify": "Text",
    "wasteDisposalMethods": "Text",
    "wasteIncineration": "Text",
    "wasteIncinerationOffsite": "Text",
    "wasteIncinerationOffsiteSpecify": "Text",
    "wasteIncinerationOnsite": "Text",
    "wasteIncinerationOnsiteSpecify": "Text",
    "wasteLandfill": "Text",
    "wasteLandfillSealed": "Text",
    "wasteLandfillSealedSpecify": "Text",
    "wasteDeepWell": "Text",
    "wasteDeepWellSpecify": "Text",
    "wasteLandApplication": "Text",
    "wasteLandApplicationSpecify": "Text",
    "wasteOtherRecycling": "Text",
    "wasteOtherRecyclingSpecify": "Text",
    "wastewaterManagement": "Text",
    "wastewaterProcessPretreatment": "Boolean",
    "wastewaterProcessPretreatmentSpecify": "Text",
    "wastewaterOnsiteTreatment": "Boolean",
    "wastewaterOnsiteTreatmentSpecify": "Text",
    "wastewaterOnsiteSamples": "Boolean",
    "wastewaterOnsiteSludgeSamples": "Boolean",
    "wastewaterOffsiteTreatment": "Boolean",
    "wastewaterOffsiteTreatmentSpecify": "Text",
    "wastewaterSettlingPond": "Boolean",
    "wastewaterSettlingPondSpecify": "Text",
    "wastewaterSurface": "Boolean",
    "wastewaterSurfaceSpecify": "Text",
    "wastewaterOffsiteTransfer": "Boolean",
    "wastewaterOffsiteTransferSpecify": "Text",
    "wastewaterOtherUses": "Boolean",
    "wastewaterOtherUsesSpecify": "Text",
    "wastewaterDisposalImpact": "Text",
    "wastewaterImpact": "Boolean",
    "wastewaterSludgeImpact": "Boolean",
    "emissionsManagement": "Text",
    "emissionsChemicals": "Text",
    "emissionsChemicalsControl": "Text",
    "emissionsVapors": "Text",
    "emissionsVaporsControl": "Text",
    "emissionsParticulates": "Text",
    "emissionsParticulatesControl": "Text",
    "emissionsOzoneDepleting": "Text",
    "emissionsOzoneDepletingControl": "Text",
    "emissionsCombustion": "Text",
    "emissionsCombustionControl": "Text",
    "emissionsOtherPollutants": "Text",
    "emissionsOtherPollutantsControl": "Text",
    "hazardousSubstanceManagement": "Boolean",
    "hazardousSubstanceManagementSpecify": "Text",
    "stormWaterManagement": "Boolean",
    "stormWaterManagementSpecify": "Text",
    "stormWaterRetention": "Text",
    "stormWaterRetentionFactors": "Boolean",
    "stormWaterDisposal": "Text",
    "stormWaterFirefighting": "Boolean",
    "stormWaterFirefightingSpecify": "Text",
    "hazardousSubstanceTransportation": "Boolean",
    "hazardousSubstanceTransportationSpecify": "Text",
    "hazardousSubstanceContamination": "Boolean",
    "hazardousSubstanceContaminationSpecify": "Text",
    "additionalFindingsEv1": "Text",
    "additionalFindingsEv2": "Text",
    "additionalFindingsEv3": "Text",
    "additionalFindingsEv4": "Text",
    "additionalFindingsEv5": "Text"
  },
  "pii_attributes": [
    "environmentDocumentationSpecify",
    "environmentObjectivesSpecify",
    "environmentEnergyConsumptionSpecify",
    "environmentWaterConsumptionSpecify",
    "environmentHazardousWasteSpecify",
    "environmentNonHazardousWasteSpecify",
    "environmentGreenhouseGasSpecify",
    "environmentPubliclyReportedDataSpecify",
    "environmentWaterSourcingSpecify",
    "environmentWaterSourcingBCMPlanSpecify",
    "environmentWaterPermitSpecify",
    "environmentWaterPermitRestrictSpecify",
    "environmentRequiredPermitsSpecify",
    "wasteDisposalLandfillSpecify",
    "wasteIncinerationOffsiteSpecify",
    "wasteIncinerationOnsiteSpecify",
    "wasteLandfillSealedSpecify",
    "wasteDeepWellSpecify",
    "wasteLandApplicationSpecify",
    "wasteOtherRecyclingSpecify",
    "wastewaterProcessPretreatmentSpecify",
    "wastewaterOnsiteTreatmentSpecify",
    "wastewaterOffsiteTreatmentSpecify",
    "wastewaterSettlingPondSpecify",
    "wastewaterSurfaceSpecify",
    "wastewaterOffsiteTransferSpecify",
    "wastewaterOtherUsesSpecify",
    "emissionsChemicalsControl",
    "emissionsVaporsControl",
    "emissionsParticulatesControl",
    "emissionsOzoneDepletingControl",
    "emissionsCombustionControl",
    "emissionsOtherPollutantsControl",
    "hazardousSubstanceManagementSpecify",
    "stormWaterManagementSpecify",
    "stormWaterDisposal",
    "stormWaterFirefightingSpecify",
    "hazardousSubstanceTransportationSpecify",
    "hazardousSubstanceContaminationSpecify",
    "additionalFindingsEv1",
    "additionalFindingsEv2",
    "additionalFindingsEv3",
    "additionalFindingsEv4",
    "additionalFindingsEv5"
  ]
}