{
  "@context": "https://odca.tech/v1",
  "name": "Ethics",
  "type": "spec/schema_base/1.0",
  "description": "A risk assessment schema to be used by suppliers to provide assurance that they are conducting their business in an ethical manner and acting with integrity",
  "classification": "GICS:35202010",
  "issued_by": "",
  "attributes": {
    "integrityEthicsPolicies": "Boolean",
    "integrityFairCompetition": "Boolean",
    "integrityAntiCorruption": "Boolean",
    "integrityEmployeeConcerns": "Boolean",
    "integrityPrivacy": "Boolean",
    "integrityPrivacySpecify": "Text",
    "integrityToolsAndProcesses": "Text",
    "integrityPreventCorruption": "Boolean",
    "integritySupportFairCompetition": "Boolean",
    "integrityPreventReceivingGifts": "Boolean",
    "integrityPreventGivingGifts": "Boolean",
    "privacyConfidentiality": "Text",
    "privacyDataPrivacy": "Boolean",
    "privacyGDPR": "Boolean",
    "privacyOtherSpecify": "Text",
    "animalWelfare": "Boolean",
    "animalWelfareIndustryStandard": "Boolean",
    "animalWelfareIndustryStandardSpecify": "Text",
    "additionalFindingsE1": "Text",
    "additionalFindingsE2": "Text",
    "additionalFindingsE3": "Text",
    "additionalFindingsE4": "Text",
    "additionalFindingsE5": "Text"
  },
  "pii_attributes": [
    "integrityPrivacySpecify",
    "privacyOtherSpecify",
    "animalWelfareIndustryStandardSpecify",
    "additionalFindingsE1",
    "additionalFindingsE2",
    "additionalFindingsE3",
    "additionalFindingsE4",
    "additionalFindingsE5"
  ]
}