{
  "@context": "https://odca.tech/v1",
  "name": "FacilityBackground",
  "type": "spec/schema_base/1.0",
  "description": "A schema to be used by suppliers to capture details about their business facility to help response personnel in the event of an emergency",
  "classification": "GICS:35202010",
  "issued_by": "",
  "attributes": {
    "servicesFacilityAndEngineering": "Boolean",
    "servicesItAndHardwareSupply": "Boolean",
    "servicesTemporaryLaborAgency": "Boolean",
    "servicesMarketingProvider": "Boolean",
    "servicesTravelAndFleet": "Boolean",
    "servicesConstruction": "Boolean",
    "servicesNonChemicalManufacturing": "Boolean",
    "servicesOther": "Boolean",
    "servicesOtherSpecify": "Text",
    "naturalDisastersFlood": "Boolean",
    "naturalDisastersEarthquake": "Boolean",
    "naturalDisastersDamagingWindstorm": "Boolean",
    "naturalDisastersWildfires": "Boolean",
    "naturalDisastersVolcanicActivity": "Boolean",
    "naturalDisastersTsunamiImpact": "Boolean",
    "naturalDisastersHurricaneTyphoon": "Boolean",
    "naturalDisastersTornado": "Boolean",
    "facilityWorkSpecify": "Text",
    "hseResourcesSpecify": "Text",
    "languageOfEmployeesPrimary": "Text",
    "languagesOfEmployeesOther": "Array[Text]",
    "companySponsoredHousing": "Boolean",
    "workersCompanySponsoredHousing": "Number",
    "totalSiteArea": "Number",
    "manufacturingArea": "Number",
    "companyOwnership": "Boolean",
    "facilityOwner": "Text",
    "operationalControlWaterTreatment": "Boolean",
    "operationalControlUtilities": "Boolean",
    "operationalControlSecurity": "Boolean",
    "operationalControlRoadways": "Boolean",
    "commercialSetting": "Text",
    "siteConstructed": "Date",
    "siteYearsOfIndustrialUse": "Number",
    "workersOnsiteMale": "Number",
    "workersOnsiteFemale": "Number",
    "workersDirectFulltimeMale": "Number",
    "workersDirectFulltimeFemale": "Number",
    "workersDirectParttimeMale": "Number",
    "workersDirectParttimeFemale": "Number",
    "workersIndirectMale": "Number",
    "workersIndirectFemale": "Number",
    "workersUnder18Male": "Number",
    "workersUnder18Female": "Number",
    "workersMigrantMale": "Number",
    "workersMigrantFemale": "Number",
    "workersStudentMale": "Number",
    "workersStudentFemale": "Number"
  },
  "pii_attributes": [
    "servicesOtherSpecify",
    "facilityWorkSpecify",
    "hseResourcesSpecify",
    "facilityOwner",
    "siteConstructed"
  ]
}