{
  "@context": "https://odca.tech/v1",
  "name": "ManagementSystems",
  "type": "spec/schema_base/1.0",
  "description": "A risk assessment schema to be used by suppliers to provide assurance that they are using management systems to facilitate continual improvement and compliance with the expectations of the Principles for Responsible Supply Chain Management",
  "classification": "GICS:35202010",
  "issued_by": "",
  "attributes": {
    "accountabilityAccreditations": "Text",
    "accountabilityOHSAS18001": "Boolean",
    "accountabilityISO14001": "Boolean",
    "accountabilityISO50001": "Boolean",
    "accountabilitySA8000": "Boolean",
    "accountabilityCTPAT": "Boolean",
    "accountabilityOther": "Boolean",
    "accountabilityOtherSpecify": "Text",
    "legalComplianceIssues": "Text",
    "legalCurrentLitigation": "Boolean",
    "legalHistoricalLitigation": "Boolean",
    "legalComplianceRequirements": "Boolean",
    "legalComplianceRequirementsSpecify": "Text",
    "legalEnvironmentalIncidents": "Boolean",
    "legalEnvironmentalIncidentsSpecify": "Text",
    "legalAssessCompliance": "Boolean",
    "legalAssessComplianceSpecify": "Text",
    "legalResponsibleBusiness": "Boolean",
    "legalSustainableSourcing": "Boolean",
    "legalSustainableSourcingSpecify": "Text",
    "legalAssessSuppliers": "Boolean",
    "legalBusinessExpectations": "Boolean",
    "legalPurchasingPolicy": "Boolean",
    "legalSupplierAssessmentOnsite": "Boolean",
    "legalSupplierAssessmentDesktop": "Boolean",
    "riskAssess": "Text",
    "riskFormalProcess": "Boolean",
    "riskBusinessInterruption": "Boolean",
    "riskReputation": "Boolean",
    "riskLegal": "Boolean",
    "riskLegalSpecify": "Text",
    "riskChangeManagement": "Text",
    "riskHSE": "Boolean",
    "riskEthics": "Boolean",
    "riskLabour": "Boolean",
    "riskOrganizationalChanges": "Boolean",
    "riskBusinessContinuityManagement": "Boolean",
    "riskFacilityDependencies": "Boolean",
    "riskDependencyRemediation": "Boolean",
    "riskRawMaterialSupply": "Boolean",
    "riskKeySupplyInitiatives": "Boolean",
    "riskKeySupplyInitiativesSpecify": "Text",
    "riskBusinessContinuityPlans": "Boolean",
    "riskBusinessContinuityExercises": "Boolean",
    "riskBusinessContinuityPlanFrequency": "Text",
    "riskBusinessContinuityPlanNotification": "Boolean",
    "riskSecuritySystems": "Boolean",
    "riskSecuritySystemsSpecify": "Text",
    "documentationMaintainance": "Boolean",
    "documentationAuditFindings": "Boolean",
    "documentationInjuryLogs": "Boolean",
    "documentationWorkerBenefits": "Boolean",
    "documentationInspections": "Boolean",
    "documentationWorkerComplaints": "Boolean",
    "documentationPerformanceAssessments": "Boolean",
    "documentationTrainingRecords": "Boolean",
    "trainingAwareness": "Boolean",
    "trainingPolicyImplementationSpecify": "Text",
    "trainingEthicsSpecify": "Text",
    "trainingLaborSpecify": "Text",
    "trainingHSESpecify": "Text",
    "trainingEmergencySpecify": "Text",
    "improvementEffectivenessOfPractices": "Boolean",
    "improvementFrequency": "Text",
    "improvementFrequencySpecify": "Text",
    "additionalFindingsMS1": "Text",
    "additionalFindingsMS2": "Text",
    "additionalFindingsMS3": "Text",
    "additionalFindingsMS4": "Text",
    "additionalFindingsMS5": "Text"
  },
  "pii_attributes": [
    "accountabilityOtherSpecify",
    "legalComplianceRequirementsSpecify",
    "legalEnvironmentalIncidentsSpecify",
    "legalAssessComplianceSpecify",
    "legalSustainableSourcingSpecify",
    "riskLegalSpecify",
    "riskKeySupplyInitiativesSpecify",
    "riskSecuritySystemsSpecify",
    "trainingPolicyImplementationSpecify",
    "trainingEthicsSpecify",
    "trainingLaborSpecify",
    "trainingHSESpecify",
    "trainingEmergencySpecify",
    "improvementFrequencySpecify",
    "additionalFindingsMS1",
    "additionalFindingsMS2",
    "additionalFindingsMS3",
    "additionalFindingsMS4",
    "additionalFindingsMS5"
  ]
}